Select Printer,Printer Requested,Material 1 Qty,User Type,Material 1,Printed On,Print Time (Hours),Material_Category1
20,0,420.82,1,0,0,14,0
35,0,55.0,1,8,0,2,3
24,0,97.0,1,8,0,3,3
23,0,274.64,1,8,0,9,3
43,0,36.5,1,8,0,1,3
34,0,58.12,2,8,0,2,3
26,0,129.1,2,8,0,3,3
27,0,67.79,2,8,0,2,3
27,0,67.79,2,8,0,2,3
21,0,59.0,2,8,0,2,3
34,0,14.49,2,8,0,1,3
24,0,25.2,2,8,0,1,3
29,0,0.0,2,8,0,2,3
29,0,0.0,2,8,0,2,3
43,0,114.89,2,8,0,4,3
20,0,33.72,1,8,0,1,3
24,0,104.0,2,8,0,3,3
2,0,124.66,2,8,0,5,3
21,0,1.0,2,30,6,5,2
21,0,1.0,2,8,0,1,3
26,0,0.0,1,24,1,1,4
21,0,1.0,2,8,0,1,3
2,0,32.0,1,5,0,32,0
19,0,132.0,1,8,0,32,3
35,0,429.57,2,8,0,9,3
25,0,11.26,1,8,0,1,3
35,0,700.0,2,8,0,29,3
29,0,19.25,2,8,0,1,3
18,0,24.85,2,4,0,1,0
35,0,9.58,2,8,0,1,3
1,0,177.44,2,6,0,7,0
1,0,1.0,2,8,0,1,3
24,0,7.8,1,8,0,1,3
24,0,2.84,2,8,0,1,3
26,0,27.98,2,8,0,2,3
21,0,36.95,1,8,0,4,3
34,0,25.43,1,8,0,3,3
3,0,14.5,0,8,0,2,3
18,0,15.0,0,8,0,1,3
32,4,50.964,2,28,4,42,0
25,0,19.0,2,8,0,1,3
26,0,20.66,2,8,0,1,3
25,0,5.0,2,0,0,1,0
26,0,17.61,0,8,0,1,3
26,0,13.56,0,8,0,1,3
26,0,17.61,0,8,0,1,3
24,0,68.84,2,7,0,2,3
23,0,9.46,2,8,0,1,3
3,0,1.0,2,8,0,34,3
21,0,10.76,0,8,0,1,3
21,0,4.4,0,8,0,1,3
3,0,16.5,0,8,0,2,3
25,0,0.0,2,8,0,1,3
24,0,1.0,2,8,0,1,3
18,0,1.0,2,8,0,1,3
23,0,1.0,2,8,0,1,3
24,0,0.0,2,8,0,1,3
3,0,0.0,2,8,0,1,3
31,0,27.9,2,9,0,2,3
18,0,12.0,2,8,0,12,3
3,0,1.0,2,8,0,1,3
34,0,25.0,2,8,0,1,3
26,0,119.57,2,8,0,2,3
43,0,30.0,2,8,0,1,3
30,0,421.37,2,8,0,8,3
18,0,0.0,2,4,0,3,0
3,0,2.0,1,8,0,2,3
27,0,17.51,2,8,0,1,3
29,0,6.24,2,8,0,1,3
2,0,181.8,2,8,0,4,3
25,0,48.21,2,0,0,2,0
25,0,48.21,2,0,0,2,0
21,0,3.94,2,8,0,1,3
20,0,72.94,2,0,0,2,0
28,0,821.88,2,8,0,17,3
18,0,66.15,1,4,0,2,0
20,0,21.7,1,8,0,1,3
2,0,21.0,1,8,0,1,3
43,0,1.0,1,8,0,1,3
18,0,17.0,1,8,0,1,3
23,0,0.0,2,8,0,1,3
26,0,1.38,2,8,0,1,3
2,0,9.59,2,8,0,1,3
3,0,12.76,2,8,0,1,3
35,0,185.1,2,8,0,7,3
21,0,4.37,2,8,0,1,3
29,0,137.45,2,8,0,3,3
26,0,35.57,2,8,0,2,3
3,0,0.0,2,8,0,1,3
22,3,33.59,2,25,3,8,1
35,0,20.0,2,8,0,1,3
20,0,68.38,2,0,0,6,0
20,0,68.0,2,0,0,6,0
20,0,51.0,2,0,0,2,0
21,0,23.41,2,8,0,3,3
0,0,371.79,2,10,0,9,0
17,2,0.14,2,26,2,12,1
35,0,77.96,2,8,0,2,3
21,0,0.0,2,8,0,1,3
28,0,55.01,2,8,0,2,3
2,0,5.14,2,8,0,1,3
21,0,34.61,2,8,0,1,3
35,0,8.47,2,8,0,1,3
29,0,34.27,2,8,0,1,3
40,5,61.0,2,29,5,1,3
39,5,0.0,0,29,5,24,3
10,1,41.81,1,12,1,16,0
24,0,1.65,0,8,0,2,3
29,0,8.19,2,8,0,1,3
27,0,558.6,2,8,0,11,3
35,0,7.95,2,8,0,1,3
29,0,29.79,2,8,0,1,3
20,0,9.2,0,0,0,1,0
24,0,0.0,2,8,0,1,3
43,0,170.81,2,8,0,1,3
13,1,73.62,2,16,1,3,0
40,5,15.6,2,29,5,1,3
40,5,3.0,2,29,5,1,3
39,5,7.0,2,29,5,1,3
40,5,8.0,2,29,5,1,3
39,5,4.0,2,29,5,1,3
19,0,350.0,2,8,0,7,3
40,5,15.6,2,29,5,1,3
23,0,27.15,2,8,0,1,3
19,0,32.67,2,8,0,2,3
19,0,32.67,2,8,0,2,3
19,0,9.41,2,8,0,1,3
17,2,160.0,1,26,2,2,1
17,2,10.0,1,26,2,1,1
25,0,40.17,2,8,0,1,3
12,1,240.78,1,18,1,3,0
32,4,24.162,2,28,4,17,0
12,1,8.73,1,24,1,3,4
25,0,60.95,2,1,0,3,0
25,0,45.79,2,1,0,2,0
14,1,431.81,2,24,1,4,4
18,0,0.0,2,8,0,2,3
39,5,272.4,2,29,5,42,3
40,5,291.0,2,29,5,13,3
20,0,27.85,2,8,0,1,3
0,0,11.74,2,10,0,1,0
7,1,11.42,2,15,1,3,0
41,5,35.0,1,29,5,3,3
31,0,0.0,1,8,0,9,3
39,5,0.0,2,29,5,8,3
5,1,10.89,1,11,1,1,4
19,0,35.99,2,8,0,1,3
26,0,104.0,1,8,0,2,3
23,0,247.75,0,8,0,9,3
23,0,169.0,0,8,0,7,3
20,0,10.78,1,0,0,1,0
43,0,36.5,1,8,0,1,3
39,5,0.0,1,29,5,48,3
27,0,24.91,1,8,0,1,3
25,0,0.0,2,8,0,6,3
22,3,5.22,2,25,3,2,1
17,2,9.69,2,26,2,31,1
2,0,114.75,1,8,0,6,3
10,1,5.36,1,12,1,7,0
12,1,42.61,2,24,1,7,4
17,2,0.09,1,26,2,4,1
27,0,60.08,1,8,0,2,3
9,1,19.0,1,18,1,5,0
34,0,0.0,2,8,0,1,3
31,0,0.0,1,8,0,5,3
35,0,103.8,2,8,0,3,3
27,0,37.4,2,8,0,2,3
25,0,6.74,2,8,0,1,3
29,0,68.23,2,8,0,3,3
23,0,105.0,0,8,0,4,3
3,0,134.91,2,8,0,5,3
35,0,973.7,2,8,0,22,3
20,0,0.0,2,0,0,8,0
8,1,1.0,1,14,1,1,4
27,0,83.23,2,8,0,8,3
19,0,97.94,2,8,0,4,3
21,0,773.5,2,8,0,28,3
20,0,214.0,2,8,0,9,3
30,0,27.22,2,3,0,1,0
0,0,24.0,2,10,0,1,0
27,0,80.59,0,8,0,3,3
23,0,169.0,0,8,0,7,3
26,0,168.8,2,8,0,4,3
24,0,13.92,2,8,0,2,3
3,0,19.46,2,8,0,1,3
20,0,10.91,0,0,0,1,0
28,0,0.0,2,8,0,3,3
26,0,80.65,2,8,0,2,3
35,0,2.12,2,8,0,1,3
28,0,556.03,2,8,0,13,3
24,0,13.42,0,8,0,1,3
23,0,0.0,2,8,0,1,3
27,0,211.13,2,8,0,4,3
43,0,0.0,2,8,0,5,3
24,0,161.13,2,8,0,7,3
24,0,0.0,2,8,0,1,3
17,2,0.35,0,26,2,22,1
29,0,69.0,2,8,0,2,3
18,0,15.0,2,4,0,1,0
31,0,163.0,2,9,0,5,3
26,0,33.94,2,8,0,2,3
26,0,2.22,1,8,0,1,3
3,0,4.25,2,8,0,1,3
24,0,71.64,0,8,0,3,3
1,0,0.0,1,8,0,10,3
43,0,95.0,1,8,0,3,3
35,0,255.0,1,8,0,6,3
23,0,82.15,0,8,0,2,3
27,0,76.13,0,8,0,2,3
30,0,199.84,1,3,0,5,0
35,0,3.27,2,8,0,1,3
24,0,11.0,1,8,0,1,3
20,0,420.82,1,0,0,14,0
35,0,117.12,2,8,0,4,3
24,0,0.0,2,8,0,3,3
29,0,0.0,1,8,0,7,3
43,0,153.74,2,8,0,5,3
26,0,30.72,1,8,0,2,3
25,0,0.0,1,8,0,4,3
26,0,1.92,2,8,0,1,3
9,1,15.0,1,18,1,9,0
34,0,39.75,0,8,0,1,3
25,0,0.0,1,1,0,1,0
26,0,67.98,0,8,0,2,3
24,0,18.0,1,8,0,1,3
34,0,0.0,2,8,0,14,3
43,0,15.0,2,8,0,1,3
35,0,81.62,2,8,0,3,3
30,0,0.0,1,0,0,14,0
20,0,420.82,1,0,0,14,0
35,0,27.63,2,8,0,1,3
35,0,144.63,2,8,0,5,3
2,0,582.09,1,8,0,15,3
30,0,0.0,1,3,0,14,0
20,0,420.82,1,0,0,14,0
34,0,0.0,1,8,0,6,3
29,0,19.0,1,8,0,1,3
29,0,8.45,2,8,0,1,3
21,0,582.09,1,8,0,15,3
43,0,59.0,2,8,0,3,3
12,1,126.33,0,24,1,4,4
12,1,18.79,1,24,1,1,4
16,1,202.41,0,23,1,8,4
12,1,208.98,0,24,1,4,4
12,1,153.0,0,24,1,4,4
8,1,21.2,2,20,1,3,4
20,0,420.82,1,0,0,14,0
3,0,416.76,1,8,0,13,3
24,0,55.0,1,8,0,2,3
23,0,25.31,2,8,0,4,3
27,0,0.0,2,8,0,3,3
16,1,97.84,0,23,1,8,4
35,0,0.0,0,8,0,4,3
30,0,0.0,1,0,0,14,0
16,1,161.76,0,23,1,8,4
16,1,161.76,0,23,1,8,4
16,1,161.76,0,23,1,8,4
12,1,126.33,0,24,1,4,4
16,1,97.84,0,23,1,8,4
16,1,97.84,0,23,1,8,4
12,1,126.33,0,24,1,4,4
12,1,153.0,0,24,1,3,4
12,1,153.0,0,24,1,3,4
35,0,58.59,2,8,0,2,3
20,0,420.82,1,0,0,14,0
25,0,112.7,1,1,0,5,0
30,0,0.0,1,3,0,3,0
26,0,7.7,2,8,0,1,3
8,1,21.58,2,20,1,3,4
28,0,22.69,2,8,0,1,3
16,1,175.34,0,23,1,7,4
26,0,53.14,1,8,0,2,3
34,0,0.0,2,8,0,4,3
23,0,297.65,1,8,0,7,3
35,0,100.0,1,8,0,4,3
16,1,1.94,2,24,1,1,4
0,0,8.71,2,10,0,1,0
26,0,7.0,1,8,0,7,3
0,0,7.95,2,10,0,1,0
26,0,6.54,2,8,0,1,3
24,0,59.99,0,8,0,2,3
29,0,47.5,2,8,0,1,3
28,0,140.0,1,8,0,4,3
3,0,64.88,0,8,0,3,3
24,0,0.0,2,8,0,1,3
27,0,106.09,0,8,0,5,3
23,0,128.92,2,8,0,3,3
24,0,0.0,2,8,0,1,3
26,0,15.2,1,8,0,2,3
3,0,64.88,0,8,0,3,3
24,0,0.0,2,8,0,1,3
29,0,13.49,2,8,0,1,3
21,0,395.22,2,8,0,6,3
25,0,137.22,1,1,0,8,0
34,0,8.29,1,8,0,1,3
12,1,54.11,1,24,1,6,4
35,0,465.22,0,8,0,24,3
20,0,14.98,1,0,0,1,0
3,0,64.88,0,8,0,3,3
34,0,68.0,2,8,0,2,3
26,0,142.23,2,8,0,5,3
28,0,176.0,2,8,0,5,3
21,0,6.87,2,8,0,1,3
24,0,0.0,0,8,0,5,3
30,0,0.0,0,3,0,2,0
20,0,5.9,1,0,0,1,0
34,0,0.0,1,8,0,1,3
16,1,8.39,1,23,1,1,4
43,0,9.33,1,8,0,1,3
29,0,137.02,0,8,0,7,3
34,0,17.53,1,8,0,1,3
24,0,66.15,0,8,0,3,3
39,5,0.04,2,29,5,8,3
1,0,367.62,0,8,0,16,3
26,0,81.5,0,8,0,3,3
43,0,26.37,1,8,0,3,3
21,0,9.96,2,8,0,1,3
8,1,22.02,2,20,1,6,4
43,0,32.18,1,8,0,2,3
28,0,47.0,2,8,0,3,3
27,0,6.92,1,8,0,1,3
25,0,40.92,1,0,0,1,0
23,0,169.0,0,8,0,7,3
25,0,46.54,1,0,0,1,0
23,0,169.0,0,8,0,7,3
43,0,36.5,1,8,0,1,3
12,1,61.23,2,24,1,9,4
29,0,277.0,1,8,0,7,3
35,0,177.0,2,8,0,5,3
21,0,303.0,1,8,0,8,3
26,0,242.17,2,8,0,6,3
28,0,0.0,2,8,0,2,3
26,0,2.5,2,8,0,1,3
43,0,0.0,2,8,0,1,3
28,0,0.0,2,8,0,2,3
2,0,176.28,1,8,0,4,3
26,0,63.0,1,8,0,2,3
23,0,137.68,0,8,0,5,3
25,0,17.15,2,10,0,1,0
18,0,113.64,2,4,0,3,0
43,0,30.14,1,8,0,3,3
26,0,64.36,2,8,0,2,3
24,0,81.25,1,8,0,3,3
20,0,63.35,0,0,0,4,0
25,0,0.0,2,1,0,4,0
23,0,166.95,0,8,0,6,3
3,0,64.88,0,8,0,3,3
23,0,166.95,0,8,0,6,3
23,0,137.68,0,8,0,5,3
23,0,166.95,0,8,0,6,3
23,0,166.95,0,8,0,6,3
23,0,166.95,0,8,0,6,3
28,0,231.42,2,8,0,4,3
23,0,105.0,0,8,0,4,3
30,0,247.0,2,3,0,6,0
29,0,70.0,2,8,0,2,3
43,0,64.4,2,8,0,2,3
25,0,58.73,1,1,0,2,0
29,0,22.21,2,8,0,1,3
26,0,239.91,2,8,0,6,3
28,0,0.0,2,8,0,2,3
3,0,64.88,0,8,0,3,3
23,0,105.0,0,8,0,4,3
23,0,137.68,0,8,0,5,3
23,0,137.68,0,8,0,5,3
23,0,137.68,0,8,0,5,3
23,0,169.0,0,8,0,7,3
23,0,105.0,0,8,0,4,3
23,0,137.68,0,8,0,5,3
25,0,0.0,2,1,0,5,0
8,1,9.4,1,12,1,8,0
26,0,64.36,2,8,0,2,3
34,0,74.7,2,8,0,2,3
37,5,40.0,2,29,5,8,3
43,0,13.86,2,8,0,1,3
35,0,83.01,2,8,0,2,3
20,0,1.0,0,9,0,6,3
26,0,23.0,2,8,0,1,3
24,0,0.0,2,8,0,4,3
4,1,7.76,1,22,1,3,4
26,0,35.0,2,8,0,2,3
20,0,0.0,2,1,0,3,0
25,0,121.56,2,8,0,5,3
1,0,0.0,2,8,0,2,3
35,0,0.0,2,8,0,2,3
27,0,300.0,2,8,0,4,3
29,0,66.48,2,8,0,3,3
2,0,176.28,1,8,0,4,3
20,0,32.56,1,8,0,1,3
23,0,367.0,2,8,0,7,3
20,0,28.88,1,8,0,1,3
21,0,57.37,2,8,0,7,3
34,0,0.0,2,8,0,2,3
35,0,0.0,0,8,0,4,3
3,0,90.0,0,8,0,4,3
26,0,42.6,2,8,0,3,3
26,0,42.6,2,30,6,3,2
28,0,31.74,2,3,0,2,0
23,0,105.0,0,8,0,4,3
23,0,169.0,0,8,0,7,3
23,0,105.0,0,8,0,4,3
23,0,169.0,0,8,0,7,3
12,1,209.0,1,24,1,2,4
24,0,15.62,2,8,0,1,3
34,0,45.0,2,8,0,2,3
35,0,18.3,1,8,0,1,3
26,0,56.0,1,8,0,1,3
0,0,8.75,2,10,0,1,0
3,0,64.88,0,8,0,3,3
20,0,4.63,1,0,0,1,0
21,0,14.93,2,8,0,1,3
35,0,465.22,0,8,0,24,3
1,0,367.62,0,8,0,16,3
28,0,332.43,2,3,0,10,0
26,0,5.03,2,7,0,1,3
34,0,41.59,2,8,0,1,3
26,0,42.6,2,8,0,3,3
1,0,23.85,2,8,0,1,3
23,0,166.95,0,8,0,6,3
26,0,55.0,1,8,0,1,3
3,0,7.74,0,8,0,1,3
24,0,55.0,1,8,0,1,3
29,0,253.66,1,8,0,4,3
20,0,41.61,1,0,0,2,0
24,0,16.34,0,8,0,1,3
26,0,14.56,2,8,0,1,3
1,0,92.0,2,8,0,2,3
31,0,398.31,1,8,0,9,3
28,0,243.0,2,8,0,5,3
27,0,64.12,2,8,0,2,3
21,0,72.0,2,8,0,2,3
24,0,6.73,2,8,0,1,3
28,0,64.12,2,8,0,2,3
29,0,207.65,1,8,0,4,3
23,0,26.0,2,8,0,1,3
43,0,13.14,2,8,0,1,3
24,0,34.37,2,8,0,1,3
23,0,50.0,2,8,0,2,3
15,1,98.39,1,21,1,6,4
35,0,20.0,2,8,0,1,3
35,0,5.5,2,8,0,1,3
34,0,58.12,2,8,0,2,3
23,0,50.0,2,8,0,2,3
28,0,64.12,2,8,0,2,3
25,0,0.0,2,1,0,2,0
24,0,62.51,2,8,0,2,3
34,0,48.96,2,8,0,1,3
23,0,3.31,2,7,0,1,3
21,0,77.01,2,8,0,2,3
29,0,76.81,2,8,0,2,3
25,0,22.92,2,8,0,1,3
26,0,129.1,2,8,0,3,3
24,0,25.2,2,8,0,1,3
34,0,0.0,2,8,0,1,3
21,0,59.0,2,8,0,2,3
34,0,0.0,1,8,0,1,3
16,1,4.75,2,23,1,1,4
12,1,20.18,1,24,1,1,4
12,1,35.0,2,24,1,3,4
16,1,25.55,2,23,1,2,4
21,0,45.1,2,8,0,2,3
24,0,104.0,2,8,0,3,3
36,5,3.0,2,29,5,1,3
27,0,0.0,2,8,0,1,3
26,0,0.0,2,8,0,2,3
23,0,211.44,1,8,0,5,3
25,0,105.37,1,1,0,3,0
34,0,23.42,2,8,0,1,3
29,0,0.0,2,8,0,2,3
28,0,71.88,2,8,0,2,3
43,0,114.89,2,8,0,4,3
26,0,0.0,2,8,0,2,3
20,0,31.43,1,8,0,1,3
35,0,253.53,2,8,0,6,3
35,0,253.53,2,8,0,6,3
24,0,0.0,2,8,0,1,3
26,0,0.0,1,8,0,1,3
29,0,33.38,2,8,0,2,3
35,0,60.37,2,8,0,2,3
21,0,124.66,2,8,0,5,3
43,0,60.68,2,8,0,2,3
27,0,56.71,2,8,0,2,3
12,1,68.58,1,24,1,2,4
35,0,6.0,2,8,0,1,3
18,0,126.66,2,4,0,3,0
27,0,64.57,2,8,0,1,3
12,1,6.0,2,24,1,1,4
25,0,79.66,1,8,0,3,3
26,0,0.0,1,8,0,3,3
34,0,220.64,0,8,0,7,3
30,0,101.27,2,3,0,4,0
35,0,129.19,2,8,0,12,3
24,0,20.73,2,8,0,2,3
0,0,10.64,2,10,0,1,0
24,0,10.0,1,8,0,2,3
34,0,13.33,2,8,0,1,3
20,0,11.23,2,0,0,1,0
24,0,2.11,2,8,0,1,3
23,0,228.0,2,8,0,20,3
23,0,4.0,2,8,0,1,3
35,0,22.11,2,8,0,1,3
2,0,0.0,2,8,0,2,3
29,0,563.54,2,8,0,17,3
18,0,28.58,2,4,0,3,0
20,0,27.02,0,0,0,2,0
35,0,17.0,0,8,0,1,3
29,0,99.0,2,8,0,4,3
26,0,241.81,0,8,0,9,3
34,0,347.19,0,8,0,7,3
35,0,524.0,2,8,0,9,3
8,1,3.75,1,12,1,2,0
8,1,4.01,1,12,1,2,0
23,0,64.99,0,8,0,3,3
24,0,33.0,2,8,0,1,3
30,0,0.0,2,8,0,1,3
27,0,67.79,2,8,0,2,3
3,0,74.26,2,8,0,3,3
29,0,10.04,2,8,0,1,3
3,0,2.76,2,8,0,1,3
2,0,129.28,2,8,0,3,3
35,0,77.52,2,8,0,3,3
25,0,0.0,2,8,0,2,3
29,0,8.11,2,8,0,1,3
34,0,0.0,2,8,0,1,3
28,0,2.65,2,8,0,1,3
23,0,14.33,2,8,0,1,3
25,0,1.6,2,0,0,1,0
21,0,109.0,2,8,0,3,3
24,0,0.001,2,8,0,4,3
30,0,127.0,2,8,0,5,3
25,0,0.0,2,0,0,5,0
25,0,11.26,1,8,0,1,3
29,0,192.84,2,8,0,6,3
18,0,43.71,1,5,0,4,0
24,0,0.001,2,8,0,4,3
20,0,33.72,1,8,0,1,3
43,0,0.001,2,8,0,13,3
21,0,28.04,2,8,0,7,3
16,1,1.04,1,24,1,2,4
26,0,347.19,0,8,0,7,3
34,0,347.19,0,8,0,7,3
27,0,347.19,0,8,0,7,3
23,0,38.0,2,8,0,2,3
0,0,2.93,2,10,0,1,0
29,0,2.74,2,8,0,1,3
37,5,0.0,2,29,5,2,3
8,1,96.96,1,12,1,11,0
34,0,24.8,2,8,0,1,3
12,1,58.57,1,24,1,2,4
24,0,23.26,2,8,0,1,3
29,0,12.4,2,8,0,1,3
27,0,208.19,0,8,0,7,3
29,0,19.25,2,8,0,1,3
26,0,39.64,1,8,0,1,3
27,0,5.61,2,8,0,1,3
28,0,79.3,2,8,0,3,3
23,0,86.0,2,8,0,4,3
18,0,25.44,2,5,0,1,0
34,0,107.51,2,8,0,3,3
3,0,73.8,2,8,0,2,3
21,0,384.3,2,8,0,11,3
2,0,0.0,2,8,0,6,3
26,0,92.0,2,8,0,3,3
26,0,347.19,0,8,0,7,3
12,1,108.12,1,24,1,1,4
25,0,90.24,1,8,0,3,3
28,0,301.04,2,8,0,8,3
18,0,90.89,2,8,0,6,3
2,0,0.0,2,8,0,6,3
23,0,1.48,2,8,0,1,3
12,1,108.12,1,24,1,1,4
21,0,45.0,2,8,0,1,3
27,0,0.0,2,8,0,2,3
26,0,5.91,2,8,0,1,3
24,0,38.0,0,8,0,2,3
0,0,0.94,2,8,0,1,3
21,0,60.0,2,8,0,1,3
23,0,28.96,2,8,0,2,3
1,0,19.91,2,8,0,1,3
28,0,38.94,2,8,0,1,3
3,0,19.68,2,8,0,1,3
35,0,712.0,2,8,0,29,3
43,0,206.22,2,8,0,4,3
12,1,64.19,2,24,1,1,4
23,0,137.52,2,8,0,4,3
16,1,109.0,2,23,1,2,4
12,1,63.85,2,24,1,3,4
30,0,86.9,2,3,0,4,0
28,0,25.0,2,8,0,1,3
26,0,85.0,1,8,0,3,3
11,1,44.85,2,15,1,3,0
21,0,105.0,2,8,0,3,3
34,0,232.0,1,8,0,7,3
23,0,0.0,2,8,0,6,3
29,0,84.65,2,8,0,3,3
34,0,0.0,2,8,0,3,3
21,0,19.2,2,8,0,2,3
35,0,249.0,2,8,0,7,3
24,0,463.0,2,8,0,10,3
28,0,46.53,2,8,0,2,3
43,0,285.9,2,8,0,10,3
38,5,137.0,2,29,5,10,3
23,0,0.0,2,8,0,1,3
35,0,7.44,2,8,0,1,3
29,0,22.55,2,8,0,1,3
6,1,3.46,1,12,1,2,0
29,0,8.9,2,8,0,1,3
29,0,48.13,2,8,0,1,3
35,0,9.58,2,8,0,1,3
34,0,0.0,2,8,0,1,3
27,0,72.24,2,8,0,5,3
15,1,28.0,2,21,1,1,4
23,0,0.0,2,8,0,3,3
29,0,26.0,2,8,0,1,3
3,0,2.98,2,8,0,1,3
26,0,0.0,0,8,0,1,3
20,0,38.34,1,0,0,2,0
35,0,27.75,2,7,0,1,3
24,0,97.0,2,8,0,3,3
3,0,74.44,1,8,0,2,3
27,0,0.0,2,8,0,1,3
35,0,5.26,1,8,0,1,3
26,0,40.44,2,8,0,1,3
35,0,22.23,2,8,0,1,3
12,1,101.13,1,24,1,2,4
24,0,71.0,2,8,0,2,3
23,0,268.01,2,8,0,7,3
21,0,262.7,2,8,0,7,3
34,0,164.59,2,8,0,4,3
24,0,12.2,2,8,0,1,3
29,0,193.28,2,8,0,7,3
3,0,75.19,2,7,0,4,3
10,1,63.8,2,19,1,6,0
24,0,15.17,0,8,0,1,3
27,0,44.0,1,8,0,1,3
23,0,0.0,2,8,0,5,3
3,0,0.0,2,8,0,1,3
28,0,11.3,0,8,0,1,3
24,0,2.93,2,8,0,1,3
26,0,181.79,2,8,0,5,3
35,0,98.0,2,8,0,4,3
24,0,2.84,2,8,0,1,3
2,0,0.0,2,8,0,3,3
27,0,116.41,2,8,0,3,3
3,0,92.83,2,8,0,2,3
27,0,7.8,1,8,0,1,3
29,0,26.7,2,8,0,2,3
27,0,2.98,2,8,0,1,3
34,0,32.27,2,8,0,3,3
38,5,15.0,2,29,5,1,3
2,0,16.04,2,8,0,1,3
20,0,7.17,2,0,0,1,0
35,0,118.09,2,8,0,2,3
1,0,235.04,2,8,0,11,3
28,0,68.61,2,8,0,3,3
21,0,149.96,2,8,0,4,3
24,0,121.17,2,8,0,3,3
23,0,44.7,2,8,0,4,3
19,0,60.0,1,9,0,1,3
9,1,6.38,2,18,1,3,0
12,1,76.5,2,24,1,4,4
10,1,63.8,2,19,1,6,0
24,0,348.0,2,8,0,8,3
10,1,69.56,2,19,1,8,0
12,1,9.68,2,24,1,3,4
26,0,13.37,2,8,0,2,3
23,0,13.39,2,8,0,2,3
35,0,43.51,1,8,0,2,3
21,0,139.2,2,8,0,3,3
35,0,8.18,2,8,0,1,3
24,0,12.29,0,8,0,1,3
21,0,12.0,2,8,0,1,3
23,0,1.36,2,8,0,1,3
26,0,15.0,2,8,0,1,3
31,0,30.0,2,8,0,2,3
29,0,46.18,2,8,0,4,3
43,0,33.67,2,9,0,1,3
21,0,7.45,2,8,0,1,3
1,0,177.44,2,6,0,7,0
26,0,52.6,2,8,0,2,3
34,0,36.55,2,8,0,4,3
2,0,240.0,2,8,0,5,3
21,0,10.04,2,8,0,1,3
12,1,13.43,1,24,1,1,4
35,0,298.0,2,8,0,7,3
24,0,17.62,1,8,0,2,3
23,0,17.0,2,8,0,1,3
20,0,40.0,2,0,0,2,0
18,0,105.0,2,8,0,2,3
24,0,70.1,2,8,0,2,3
6,1,1.04,1,12,1,2,0
9,1,14.79,1,18,1,4,0
10,1,69.56,2,19,1,8,0
24,0,86.0,2,8,0,2,3
7,1,1.01,2,17,1,1,0
23,0,0.0,2,8,0,2,3
29,0,13.33,1,8,0,1,3
35,0,72.0,2,8,0,3,3
27,0,456.77,2,8,0,25,3
35,0,28.0,2,8,0,2,3
11,1,0.99,2,15,1,1,0
21,0,13.66,2,8,0,1,3
29,0,85.22,2,8,0,2,3
3,0,2.15,2,8,0,1,3
16,1,128.0,2,23,1,2,4
34,0,84.0,2,8,0,7,3
21,0,7.22,2,8,0,1,3
28,0,150.0,2,8,0,3,3
35,0,0.0,2,8,0,4,3
26,0,302.3,2,8,0,5,3
15,1,54.0,2,21,1,2,4
23,0,180.0,2,8,0,3,3
43,0,4.0,2,8,0,2,3
29,0,13.0,2,8,0,1,3
34,0,10.77,1,8,0,1,3
33,4,1.6,2,27,4,3,0
27,0,0.0,2,8,0,6,3
21,0,55.24,1,8,0,5,3
11,1,21.58,1,15,1,3,0
12,1,124.0,2,14,1,2,4
25,0,0.0,2,8,0,3,3
26,0,10.77,1,8,0,1,3
21,0,8.33,1,8,0,1,3
27,0,8.15,2,8,0,1,3
29,0,1.3,2,8,0,1,3
21,0,8.33,1,8,0,1,3
9,1,2.9,2,18,1,1,0
12,1,58.59,2,24,1,1,4
6,1,31.4,1,12,1,7,0
23,0,6.71,2,8,0,1,3
27,0,69.06,2,8,0,3,3
34,0,0.0,2,8,0,5,3
29,0,46.0,1,8,0,1,3
34,0,0.0,2,8,0,1,3
25,0,93.48,1,8,0,3,3
24,0,80.54,1,8,0,8,3
33,4,22.0,2,28,4,40,0
33,4,24.0,2,28,4,38,0
33,4,24.0,2,28,4,38,0
32,4,22.0,2,28,4,40,0
31,0,60.0,1,9,0,6,3
34,0,727.0,2,8,0,11,3
0,0,62.56,2,8,0,2,3
21,0,19.99,1,8,0,3,3
24,0,552.45,2,8,0,10,3
25,0,20.0,2,8,0,1,3
29,0,148.09,2,8,0,4,3
28,0,167.0,2,8,0,4,3
25,0,62.0,2,8,0,2,3
43,0,167.0,2,8,0,4,3
15,1,46.0,2,21,1,2,4
6,1,1.3,1,12,1,5,0
12,1,83.74,1,24,1,2,4
12,1,100.0,2,24,1,2,4
10,1,82.12,0,19,1,16,0
29,0,36.0,2,4,0,1,0
23,0,45.35,2,8,0,2,3
15,1,152.0,2,20,1,5,4
20,0,88.0,2,8,0,16,3
26,0,12.19,1,8,0,1,3
27,0,39.46,2,8,0,1,3
25,0,27.32,1,1,0,2,0
24,0,55.0,2,8,0,1,3
20,0,23.0,2,0,0,1,0
24,0,0.0,1,8,0,1,3
21,0,76.0,2,8,0,3,3
29,0,30.28,2,8,0,1,3
30,0,36.0,1,3,0,1,0
26,0,48.55,2,8,0,1,3
18,0,0.0,2,4,0,1,0
21,0,27.78,2,8,0,1,3
25,0,5.0,2,0,0,1,0
26,0,49.27,2,8,0,1,3
29,0,21.0,2,8,0,1,3
27,0,88.95,2,8,0,3,3
24,0,62.0,2,8,0,2,3
20,0,50.0,2,0,0,2,0
23,0,0.0,2,8,0,13,3
0,0,79.67,1,10,0,6,0
26,0,11.72,0,8,0,1,3
35,0,778.0,2,8,0,60,3
34,0,330.72,2,8,0,6,3
18,0,234.0,2,8,0,5,3
40,5,13.0,1,29,5,3,3
34,0,0.0,2,8,0,3,3
34,0,30.24,1,8,0,1,3
3,0,0.0,2,8,0,1,3
26,0,54.41,2,8,0,3,3
35,0,48.32,2,8,0,1,3
29,0,42.0,1,8,0,2,3
20,0,54.02,0,8,0,4,3
34,0,54.82,1,8,0,2,3
21,0,36.84,2,8,0,3,3
24,0,28.21,1,8,0,2,3
26,0,0.0,1,8,0,2,3
35,0,344.0,2,8,0,7,3
29,0,68.84,2,7,0,2,3
24,0,15.78,2,8,0,1,3
26,0,250.55,2,8,0,6,3
27,0,309.07,2,8,0,10,3
30,0,8.27,2,8,0,1,3
20,0,70.41,0,8,0,4,3
11,1,0.87,2,15,1,2,0
16,1,148.75,0,23,1,6,4
35,0,28.24,2,8,0,1,3
25,0,7.0,2,8,0,1,3
28,0,55.0,1,8,0,3,3
4,1,23.0,1,22,1,8,4
11,1,96.0,2,15,1,9,0
10,1,151.0,2,19,1,10,0
26,0,20.47,2,8,0,1,3
34,0,0.0,2,8,0,2,3
21,0,0.0,1,8,0,1,3
27,0,8.55,2,8,0,1,3
26,0,121.11,1,8,0,5,3
34,0,4.14,2,8,0,3,3
24,0,127.0,0,8,0,5,3
29,0,52.76,2,8,0,2,3
25,0,0.0,2,8,0,1,3
18,0,286.26,2,5,0,8,0
20,0,125.49,2,0,0,5,0
31,0,0.0,1,8,0,8,3
34,0,42.0,2,8,0,3,3
27,0,56.02,2,8,0,1,3
9,1,18.0,1,18,1,3,0
0,0,75.19,2,10,0,4,0
20,0,71.21,2,0,0,2,0
25,0,222.59,2,1,0,6,0
24,0,167.28,2,8,0,6,3
40,5,304.0,2,29,5,37,3
21,0,0.0,2,8,0,6,3
26,0,147.66,2,8,0,3,3
35,0,70.0,2,8,0,3,3
18,0,2.0,2,4,0,1,0
20,0,8.0,2,8,0,2,3
9,1,130.0,1,18,1,5,0
28,0,7.0,2,8,0,2,3
29,0,0.0,2,8,0,6,3
0,0,310.0,2,10,0,9,0
34,0,0.0,2,8,0,5,3
27,0,68.0,2,8,0,1,3
21,0,0.0,2,8,0,2,3
12,1,45.31,2,24,1,2,4
18,0,7.0,2,4,0,1,0
34,0,6.84,2,8,0,1,3
3,0,0.0,2,8,0,1,3
18,0,15.0,2,8,0,1,3
28,0,22.0,2,8,0,1,3
16,1,298.12,0,23,1,3,4
10,1,174.0,2,19,1,11,0
6,1,10.4,2,12,1,3,0
26,0,78.23,2,8,0,2,3
29,0,103.82,2,8,0,2,3
33,4,3.895,2,28,4,7,0
24,0,210.78,2,7,0,6,3
25,0,0.0,2,8,0,7,3
43,0,183.84,2,8,0,4,3
26,0,9.67,2,8,0,1,3
2,0,0.0,2,8,0,4,3
20,0,92.0,2,0,0,4,0
31,0,128.0,1,9,0,5,3
29,0,78.0,2,8,0,1,3
18,0,407.0,2,8,0,9,3
20,0,0.0,1,8,0,1,3
43,0,125.84,2,8,0,4,3
26,0,141.3,2,7,0,5,3
24,0,30.3,2,8,0,7,3
3,0,254.0,2,8,0,8,3
28,0,82.53,1,8,0,5,3
27,0,200.73,2,8,0,6,3
34,0,0.0,2,8,0,5,3
2,0,0.0,2,8,0,7,3
35,0,58.89,2,8,0,2,3
27,0,7.95,2,8,0,1,3
16,1,10.99,1,22,1,2,4
29,0,9.38,2,8,0,1,3
34,0,8.88,2,8,0,1,3
25,0,24.81,2,0,0,1,0
18,0,38.0,2,4,0,1,0
28,0,74.55,1,8,0,4,3
21,0,59.0,2,8,0,2,3
23,0,285.0,2,8,0,6,3
31,0,55.0,2,9,0,2,3
3,0,161.15,2,8,0,6,3
23,0,0.0,2,8,0,1,3
35,0,23.97,2,8,0,2,3
28,0,60.52,1,8,0,3,3
16,1,14.47,2,23,1,2,4
2,0,26.44,2,7,0,2,3
27,0,35.58,2,8,0,1,3
20,0,24.0,2,0,0,1,0
26,0,209.0,2,8,0,4,3
43,0,76.95,1,8,0,4,3
3,0,13.72,2,8,0,1,3
26,0,0.0,2,8,0,3,3
34,0,0.0,2,8,0,2,3
29,0,316.87,2,8,0,8,3
27,0,33.19,2,8,0,2,3
25,0,140.65,2,1,0,4,0
35,0,165.0,2,8,0,5,3
28,0,61.94,2,8,0,2,3
2,0,108.62,2,7,0,3,3
24,0,0.0,2,8,0,11,3
29,0,18.12,2,8,0,1,3
34,0,0.0,0,7,0,1,3
30,0,33.14,2,8,0,2,3
12,1,183.0,2,14,1,4,4
11,1,22.0,2,17,1,2,0
3,0,0.55,2,8,0,1,3
26,0,69.73,2,8,0,2,3
43,0,2.37,2,8,0,1,3
34,0,44.04,2,8,0,2,3
35,0,219.0,2,8,0,4,3
26,0,64.19,2,8,0,1,3
24,0,75.83,2,8,0,3,3
29,0,24.0,2,4,0,6,0
27,0,121.89,2,8,0,5,3
29,0,43.3,2,8,0,3,3
12,1,77.78,2,24,1,3,4
27,0,43.3,2,8,0,2,3
2,0,230.0,0,8,0,5,3
34,0,196.0,2,8,0,6,3
25,0,40.23,1,1,0,2,0
30,0,290.0,2,8,0,7,3
35,0,198.0,2,8,0,6,3
28,0,294.74,2,8,0,5,3
26,0,53.37,2,8,0,2,3
24,0,34.49,2,8,0,1,3
21,0,0.0,2,8,0,7,3
34,0,45.06,2,8,0,1,3
26,0,181.36,2,8,0,3,3
20,0,0.01,2,8,0,1,3
31,0,8.83,1,9,0,1,3
27,0,113.08,2,8,0,4,3
34,0,198.51,2,8,0,4,3
24,0,75.47,2,8,0,4,3
2,0,122.17,2,8,0,3,3
29,0,204.74,2,8,0,8,3
26,0,80.0,2,8,0,3,3
35,0,345.38,2,8,0,3,3
12,1,101.13,1,24,1,2,4
31,0,40.94,1,9,0,2,3
25,0,0.0,2,8,0,6,3
27,0,37.98,2,8,0,1,3
24,0,53.1,2,8,0,2,3
20,0,196.0,2,8,0,12,3
39,5,14.0,2,29,5,1,3
15,1,0.01,2,20,1,4,4
17,2,0.14,2,26,2,7,1
25,0,7.29,2,0,0,1,0
0,0,11.96,2,10,0,1,0
20,0,25.21,2,8,0,1,3
28,0,18.19,2,8,0,1,3
34,0,96.96,2,8,0,4,3
27,0,55.0,2,8,0,2,3
9,1,0.01,2,18,1,4,0
26,0,185.0,2,8,0,5,3
29,0,33.6,2,8,0,1,3
35,0,67.0,2,8,0,2,3
4,1,2.33,1,22,1,1,4
24,0,43.62,2,8,0,1,3
21,0,205.69,2,8,0,6,3
23,0,31.19,2,8,0,2,3
18,0,0.0,2,8,0,3,3
16,1,50.26,2,23,1,1,4
0,0,0.01,2,8,0,1,3
17,2,0.14,1,26,2,2,1
12,1,176.0,2,24,1,2,4
20,0,0.0,2,8,0,1,3
35,0,41.33,2,8,0,2,3
11,1,0.01,2,15,1,4,0
27,0,71.97,2,8,0,2,3
23,0,246.4,2,8,0,10,3
2,0,16.58,2,8,0,1,3
0,0,57.0,1,10,0,4,0
26,0,42.11,2,8,0,2,3
24,0,20.32,2,8,0,1,3
24,0,47.12,2,7,0,1,3
6,1,33.69,1,12,1,11,0
12,1,58.36,2,24,1,2,4
12,1,35.01,1,24,1,5,4
12,1,91.89,1,24,1,2,4
31,0,112.0,2,8,0,4,3
24,0,121.0,2,8,0,3,3
32,4,22.0,2,28,4,41,0
23,0,18.12,1,8,0,31,3
34,0,0.0,2,8,0,6,3
21,0,656.0,2,8,0,13,3
34,0,154.23,2,8,0,3,3
25,0,50.01,2,0,0,2,0
27,0,244.56,1,8,0,7,3
31,0,113.58,2,8,0,6,3
0,0,5.42,2,8,0,1,3
27,0,62.18,2,8,0,2,3
31,0,8.83,1,9,0,1,3
35,0,17.12,2,8,0,1,3
12,1,16.0,1,24,1,2,4
9,1,99.0,1,18,1,4,0
16,1,52.9,2,23,1,3,4
27,0,16.79,1,8,0,1,3
24,0,0.0,2,8,0,1,3
24,0,3.0,2,8,0,1,3
21,0,11.0,2,8,0,1,3
27,0,0.0,2,8,0,1,3
20,0,116.1,2,0,0,5,0
35,0,274.91,2,8,0,5,3
21,0,0.0,2,8,0,2,3
29,0,203.38,2,8,0,4,3
27,0,22.0,1,8,0,1,3
25,0,65.0,2,8,0,3,3
30,0,135.0,1,3,0,7,0
24,0,106.63,0,8,0,3,3
0,0,77.52,2,10,0,2,0
27,0,44.18,2,8,0,2,3
23,0,283.96,2,8,0,6,3
34,0,271.05,2,8,0,6,3
21,0,260.95,2,8,0,6,3
20,0,72.94,2,0,0,2,0
16,1,77.0,1,23,1,5,4
12,1,0.01,2,24,1,1,4
2,0,181.8,2,8,0,9,3
16,1,0.01,2,23,1,1,4
7,1,0.01,2,17,1,9,0
20,0,187.0,2,8,0,10,3
35,0,6.39,2,8,0,1,3
34,0,76.11,2,8,0,2,3
28,0,12.98,2,8,0,1,3
29,0,0.61,2,8,0,1,3
27,0,40.04,2,8,0,3,3
24,0,224.04,2,8,0,4,3
23,0,272.53,1,8,0,6,3
0,0,223.2,2,10,0,5,0
29,0,63.0,2,8,0,1,3
21,0,0.0,2,8,0,3,3
27,0,20.08,2,8,0,1,3
12,1,24.45,2,24,1,3,4
12,1,35.42,2,24,1,2,4
34,0,155.0,1,8,0,3,3
31,0,64.0,1,9,0,3,3
11,1,21.0,2,16,1,6,0
24,0,28.72,2,8,0,1,3
27,0,8.42,2,8,0,1,3
23,0,32.0,2,8,0,1,3
29,0,12.28,2,8,0,1,3
32,4,20.027,2,28,4,17,0
35,0,0.0,2,8,0,2,3
34,0,17.88,2,8,0,1,3
28,0,50.22,2,8,0,4,3
26,0,0.0,2,8,0,1,3
24,0,9.06,2,8,0,1,3
25,0,34.73,2,8,0,1,3
23,0,90.6,2,8,0,2,3
27,0,140.0,2,8,0,4,3
20,0,24.06,2,0,0,1,0
21,0,117.59,2,8,0,3,3
34,0,175.5,2,8,0,4,3
0,0,52.07,2,10,0,4,0
35,0,377.0,2,8,0,10,3
18,0,27.0,1,8,0,3,3
26,0,0.0,0,8,0,1,3
15,1,0.01,2,16,1,1,0
6,1,25.81,2,12,1,4,0
2,0,0.0,2,8,0,1,3
23,0,50.04,2,8,0,3,3
6,1,4.29,1,13,1,4,0
27,0,38.0,1,8,0,1,3
24,0,56.05,2,8,0,3,3
2,0,7.0,2,8,0,2,3
7,1,0.85,2,15,1,1,0
32,4,50.964,2,28,4,42,0
21,0,55.25,2,8,0,2,3
29,0,143.66,2,8,0,4,3
2,0,167.92,2,8,0,3,3
18,0,66.15,1,4,0,2,0
34,0,60.0,2,8,0,1,3
35,0,0.0,2,8,0,2,3
23,0,0.0,2,8,0,4,3
21,0,46.78,2,8,0,1,3
35,0,44.71,2,8,0,1,3
27,0,57.87,2,8,0,4,3
3,0,0.0,2,8,0,1,3
26,0,0.0,2,8,0,1,3
30,0,7.82,2,3,0,1,0
28,0,0.78,2,8,0,1,3
27,0,38.34,2,8,0,2,3
24,0,0.0,2,8,0,2,3
29,0,0.0,2,8,0,4,3
35,0,121.99,2,8,0,4,3
34,0,159.0,2,8,0,18,3
26,0,49.9,1,8,0,3,3
2,0,104.55,2,8,0,3,3
2,0,0.0,2,8,0,2,3
21,0,74.42,2,8,0,2,3
23,0,382.18,2,8,0,7,3
28,0,186.56,2,8,0,3,3
12,1,19.9,1,24,1,2,4
21,0,6.69,2,8,0,1,3
27,0,52.98,0,8,0,2,3
23,0,36.82,2,8,0,2,3
12,1,23.84,2,24,1,1,4
34,0,13.46,2,8,0,1,3
27,0,72.84,2,8,0,3,3
7,1,25.44,2,15,1,3,0
9,1,96.0,2,18,1,1,0
29,0,0.0,1,7,0,2,3
25,0,30.0,2,8,0,1,3
26,0,246.41,2,8,0,4,3
35,0,12.0,1,8,0,1,3
18,0,12.0,1,8,0,12,3
40,5,0.0,2,29,5,28,3
16,1,11.47,2,23,1,1,4
20,0,55.95,2,0,0,2,0
10,1,0.38,0,19,1,1,0
9,1,15.41,1,18,1,5,0
27,0,39.34,2,8,0,1,3
29,0,76.08,2,8,0,2,3
18,0,19.0,1,8,0,2,3
27,0,21.49,2,8,0,1,3
29,0,5.55,2,8,0,1,3
2,0,0.0,2,8,0,1,3
43,0,128.44,2,8,0,4,3
24,0,677.0,2,8,0,17,3
43,0,128.44,2,8,0,4,3
26,0,0.0,2,8,0,3,3
23,0,0.0,2,8,0,3,3
3,0,24.43,2,8,0,1,3
27,0,69.41,2,8,0,2,3
12,1,50.32,2,24,1,1,4
11,1,27.0,2,16,1,5,0
27,0,10.94,2,8,0,1,3
34,0,212.07,1,8,0,11,3
21,0,0.0,2,8,0,25,3
17,2,0.08,1,26,2,2,1
21,0,0.0,1,8,0,1,3
26,0,52.52,1,8,0,2,3
43,0,3.5,2,8,0,1,3
9,1,0.96,0,18,1,10,0
17,2,0.1,2,26,2,1,1
29,0,111.53,1,8,0,5,3
21,0,9.17,2,8,0,1,3
18,0,20.0,1,8,0,1,3
7,1,90.0,2,15,1,6,0
23,0,111.53,1,8,0,5,3
25,0,0.0,2,0,0,4,0
29,0,152.0,2,7,0,3,3
24,0,677.0,2,8,0,17,3
21,0,169.0,2,8,0,4,3
10,1,0.77,0,19,1,2,0
31,0,0.0,0,8,0,1,3
9,1,24.0,1,18,1,6,0
23,0,40.0,2,8,0,1,3
26,0,2.3,2,8,0,1,3
34,0,69.01,2,8,0,2,3
26,0,14.26,2,8,0,1,3
29,0,4.47,2,8,0,1,3
26,0,11.9,2,8,0,1,3
26,0,14.33,2,8,0,1,3
26,0,3.64,2,7,0,1,3
26,0,7.0,2,8,0,1,3
26,0,5.34,2,8,0,1,3
26,0,8.57,2,8,0,1,3
21,0,42.88,2,8,0,1,3
26,0,19.42,2,8,0,1,3
26,0,1.72,2,8,0,1,3
26,0,5.44,2,8,0,1,3
26,0,2.08,2,8,0,1,3
21,0,9.5,0,8,0,1,3
26,0,0.01,2,8,0,1,3
26,0,8.13,2,8,0,1,3
26,0,2.6,2,8,0,1,3
26,0,6.5,2,8,0,1,3
26,0,49.03,2,8,0,1,3
17,2,0.001,2,26,2,1,1
29,0,17.41,2,8,0,1,3
23,0,9.16,2,8,0,1,3
2,0,13.93,2,8,0,1,3
2,0,15.88,2,8,0,1,3
2,0,15.0,2,8,0,1,3
2,0,18.16,2,8,0,1,3
2,0,0.0,2,7,0,1,3
2,0,17.44,2,8,0,1,3
2,0,20.57,2,8,0,1,3
2,0,22.9,2,8,0,1,3
29,0,37.0,2,7,0,1,3
3,0,0.0,2,8,0,1,3
28,0,42.63,2,8,0,2,3
2,0,6.82,2,8,0,1,3
34,0,17.96,2,7,0,1,3
23,0,24.53,1,8,0,1,3
34,0,16.7,2,8,0,1,3
26,0,13.94,2,8,0,1,3
34,0,52.18,2,8,0,1,3
27,0,246.0,2,8,0,5,3
20,0,0.0,1,8,0,2,3
31,0,43.19,2,8,0,2,3
25,0,0.0,1,8,0,2,3
29,0,137.45,2,8,0,3,3
21,0,77.73,0,8,0,1,3
20,0,72.27,2,0,0,3,0
18,0,420.0,1,4,0,31,0
28,0,13.52,2,8,0,1,3
28,0,63.87,2,8,0,2,3
3,0,0.0,2,8,0,1,3
3,0,0.0,2,8,0,1,3
2,0,23.7,2,8,0,1,3
3,0,0.0,2,8,0,1,3
2,0,46.11,2,7,0,2,3
2,0,48.96,2,8,0,1,3
23,0,0.0,2,8,0,1,3
3,0,0.0,2,8,0,1,3
3,0,32.18,2,7,0,1,3
3,0,49.12,2,8,0,1,3
26,0,9.01,2,8,0,1,3
3,0,13.85,2,8,0,1,3
3,0,12.76,2,8,0,1,3
25,0,0.0,2,8,0,4,3
28,0,38.76,2,8,0,1,3
28,0,11.65,2,8,0,1,3
28,0,40.52,2,8,0,1,3
28,0,16.8,2,8,0,1,3
28,0,21.97,2,8,0,1,3
2,0,31.0,2,8,0,1,3
2,0,17.71,2,8,0,1,3
2,0,7.27,2,8,0,1,3
2,0,10.8,2,8,0,1,3
26,0,1.87,2,7,0,1,3
3,0,9.41,2,8,0,1,3
3,0,23.27,2,8,0,1,3
34,0,4.48,2,8,0,1,3
27,0,21.96,1,8,0,1,3
24,0,61.0,2,8,0,2,3
21,0,15.87,2,8,0,1,3
28,0,12.0,2,8,0,1,3
24,0,61.0,2,8,0,2,3
35,0,125.31,2,8,0,4,3
27,0,110.0,2,8,0,3,3
21,0,5.45,2,8,0,1,3
34,0,14.14,2,8,0,1,3
24,0,58.0,2,8,0,2,3
35,0,562.0,2,8,0,8,3
35,0,185.19,2,8,0,7,3
29,0,380.0,2,8,0,8,3
27,0,46.0,2,8,0,5,3
23,0,270.0,2,8,0,12,3
35,0,143.03,2,8,0,4,3
24,0,0.0,2,8,0,3,3
35,0,94.55,2,8,0,2,3
24,0,15.59,2,8,0,1,3
2,0,13.0,2,8,0,1,3
15,1,33.0,2,20,1,1,4
35,0,60.0,0,8,0,2,3
29,0,106.63,2,8,0,2,3
16,1,4.0,2,22,1,1,4
43,0,118.65,2,8,0,2,3
35,0,7.34,2,8,0,1,3
23,0,17.0,2,8,0,2,3
24,0,37.0,2,8,0,1,3
35,0,16.83,1,8,0,1,3
23,0,9.1,2,8,0,1,3
28,0,0.0,2,8,0,7,3
24,0,16.08,1,8,0,1,3
24,0,25.78,2,8,0,1,3
23,0,0.0,2,8,0,1,3
3,0,12.32,2,8,0,1,3
21,0,201.0,2,8,0,9,3
3,0,15.0,2,8,0,1,3
27,0,207.68,2,7,0,3,3
27,0,204.86,2,7,0,3,3
35,0,35.55,2,7,0,1,3
24,0,0.0,2,8,0,1,3
26,0,255.0,1,8,0,10,3
18,0,61.47,1,4,0,7,0
25,0,0.0,2,1,0,8,0
2,0,105.79,2,8,0,11,3
31,0,121.04,2,8,0,6,3
40,5,36.0,2,29,5,3,3
30,0,0.0,2,3,0,7,0
0,0,394.25,2,10,0,9,0
21,0,5.68,2,8,0,1,3
29,0,415.0,2,8,0,12,3
27,0,211.05,2,7,0,3,3
3,0,14.11,2,8,0,1,3
26,0,4.81,2,8,0,1,3
29,0,5.1,2,8,0,1,3
24,0,61.0,2,8,0,1,3
35,0,95.0,2,8,0,2,3
21,0,4.0,2,8,0,1,3
30,0,0.0,2,3,0,1,0
21,0,5.69,2,8,0,1,3
26,0,33.01,1,8,0,1,3
20,0,40.78,2,8,0,2,3
35,0,43.32,2,8,0,1,3
16,1,5.47,2,23,1,2,4
35,0,11.06,2,8,0,1,3
2,0,12.0,1,8,0,1,3
23,0,12.0,1,8,0,1,3
0,0,56.24,2,10,0,2,0
12,1,9.89,2,24,1,2,4
35,0,37.0,2,8,0,1,3
23,0,0.0,2,8,0,1,3
34,0,6.16,2,8,0,1,3
43,0,48.98,2,8,0,4,3
24,0,359.78,2,8,0,6,3
3,0,14.11,2,8,0,1,3
21,0,23.41,2,8,0,3,3
26,0,0.0,2,8,0,3,3
18,0,345.0,1,4,0,10,0
25,0,0.0,2,1,0,8,0
20,0,68.0,2,0,0,7,0
26,0,0.0,2,8,0,1,3
27,0,190.83,2,8,0,20,3
34,0,9.45,2,8,0,1,3
35,0,9.17,2,7,0,1,3
18,0,69.96,2,4,0,2,0
23,0,40.0,2,8,0,1,3
20,0,51.0,2,8,0,2,3
26,0,172.11,2,8,0,3,3
27,0,19.0,2,7,0,1,3
27,0,168.03,2,8,0,3,3
27,0,17.61,2,8,0,1,3
24,0,40.69,2,8,0,2,3
34,0,0.0,2,8,0,1,3
26,0,8.68,2,8,0,1,3
29,0,177.0,2,8,0,16,3
23,0,10.94,2,8,0,3,3
43,0,27.0,2,8,0,1,3
25,0,0.0,2,8,0,3,3
29,0,23.44,2,8,0,1,3
34,0,15.5,1,8,0,1,3
27,0,239.0,2,8,0,6,3
21,0,44.0,1,8,0,1,3
34,0,31.4,1,8,0,1,3
25,0,0.0,2,8,0,2,3
18,0,142.0,1,4,0,4,0
31,0,0.0,1,9,0,3,3
23,0,7.92,2,8,0,1,3
29,0,28.33,2,8,0,1,3
23,0,15.83,2,8,0,1,3
20,0,7.69,2,0,0,1,0
0,0,371.79,2,8,0,9,3
10,1,47.54,2,12,1,18,0
24,0,298.0,2,8,0,7,3
34,0,0.0,2,8,0,1,3
20,0,10.59,2,8,0,1,3
26,0,180.0,2,8,0,4,3
0,0,0.95,2,8,0,1,3
27,0,2.37,2,8,0,1,3
23,0,77.0,2,8,0,2,3
28,0,3.69,2,8,0,1,3
26,0,11.36,2,8,0,1,3
23,0,17.44,2,8,0,1,3
23,0,0.0,2,8,0,1,3
24,0,86.0,2,8,0,2,3
34,0,6.0,2,8,0,1,3
25,0,0.0,2,8,0,4,3
34,0,3.88,2,8,0,1,3
27,0,15.7,2,8,0,1,3
27,0,7.09,2,8,0,1,3
35,0,474.38,2,8,0,9,3
16,1,19.27,2,23,1,2,4
29,0,89.0,2,8,0,6,3
28,0,7.59,2,8,0,1,3
24,0,6.82,2,8,0,1,3
26,0,113.72,2,8,0,4,3
21,0,279.72,2,8,0,21,3
29,0,5.84,2,8,0,1,3
2,0,0.0,2,8,0,1,3
43,0,0.0,2,8,0,9,3
29,0,4.36,2,8,0,1,3
20,0,109.0,2,8,0,3,3
23,0,327.58,2,8,0,23,3
3,0,25.68,2,8,0,1,3
19,0,0.0,1,8,0,3,3
24,0,17.34,2,8,0,1,3
16,1,43.62,1,22,1,1,4
15,1,9.7,1,21,1,3,4
12,1,16.68,2,23,1,1,4
10,1,43.99,2,12,1,11,0
23,0,29.61,1,8,0,1,3
21,0,10.0,2,8,0,1,3
2,0,0.0,2,8,0,2,3
3,0,11.77,2,8,0,1,3
25,0,0.0,2,1,0,4,0
27,0,43.0,2,8,0,1,3
43,0,66.77,2,8,0,2,3
34,0,0.0,2,8,0,1,3
1,0,67.93,2,8,0,1,3
28,0,74.9,2,8,0,2,3
28,0,18.49,2,8,0,1,3
34,0,14.12,2,8,0,1,3
29,0,0.0,2,8,0,4,3
18,0,12.34,2,8,0,1,3
21,0,18.0,2,8,0,2,3
28,0,10.0,2,8,0,1,3
43,0,1.33,2,8,0,1,3
29,0,6.72,2,8,0,1,3
25,0,16.98,1,0,0,2,0
20,0,0.0,2,0,0,4,0
20,0,47.45,2,0,0,2,0
34,0,55.0,2,8,0,1,3
27,0,11.3,1,8,0,1,3
24,0,381.0,2,8,0,8,3
2,0,89.4,2,8,0,5,3
28,0,188.36,2,8,0,4,3
23,0,31.13,2,8,0,1,3
24,0,1.14,2,8,0,1,3
26,0,77.96,2,8,0,2,3
34,0,7.22,2,8,0,1,3
27,0,6.55,1,8,0,1,3
12,1,45.43,2,24,1,7,4
29,0,11.31,2,8,0,1,3
35,0,775.0,2,7,0,18,3
24,0,37.0,2,8,0,1,3
10,1,66.0,2,19,1,8,0
20,0,26.76,2,8,0,1,3
29,0,22.8,2,8,0,1,3
23,0,0.0,2,8,0,1,3
27,0,7.7,2,8,0,1,3
0,0,273.5,2,10,0,18,0
7,1,10.6,2,18,1,3,0
27,0,7.7,2,8,0,1,3
0,0,27.97,1,10,0,2,0
24,0,72.11,0,7,0,4,3
34,0,0.0,2,8,0,3,3
33,4,45.721,2,27,4,35,0
3,0,147.0,1,8,0,3,3
27,0,26.0,2,8,0,1,3
18,0,48.35,1,4,0,5,0
2,0,7.71,2,8,0,1,3
1,0,118.36,2,8,0,2,3
43,0,115.38,2,7,0,8,3
34,0,74.0,1,8,0,2,3
28,0,58.33,2,8,0,2,3
28,0,46.03,2,8,0,2,3
1,0,81.9,2,7,0,2,3
2,0,23.87,2,8,0,1,3
26,0,202.0,2,8,0,12,3
24,0,170.0,2,7,0,1,3
0,0,6.06,2,10,0,1,0
21,0,0.0,2,8,0,5,3
35,0,387.62,2,8,0,7,3
25,0,0.0,2,8,0,11,3
3,0,210.0,1,8,0,5,3
34,0,210.0,0,8,0,5,3
27,0,247.99,2,8,0,7,3
29,0,139.62,2,8,0,1,3
28,0,1.0,2,8,0,2,3
17,2,0.02,1,26,2,4,1
32,4,47.548,2,28,4,38,0
35,0,11.0,2,7,0,1,3
24,0,2.85,2,8,0,1,3
34,0,9.0,0,8,0,1,3
16,1,202.22,2,23,1,6,4
27,0,60.74,2,8,0,1,3
29,0,55.75,2,8,0,2,3
27,0,3.21,1,8,0,1,3
0,0,82.04,2,10,0,3,0
43,0,44.14,2,7,0,1,3
18,0,23.76,2,8,0,1,3
21,0,67.91,2,8,0,1,3
24,0,122.56,2,8,0,4,3
31,0,48.84,2,8,0,2,3
3,0,211.0,1,8,0,5,3
26,0,223.39,2,8,0,5,3
29,0,217.0,2,8,0,3,3
28,0,42.54,2,8,0,2,3
43,0,44.17,2,7,0,1,3
16,1,63.0,1,23,1,1,4
28,0,13.79,2,8,0,1,3
29,0,13.6,2,8,0,1,3
35,0,264.01,2,8,0,6,3
43,0,105.63,2,8,0,2,3
25,0,309.05,2,0,0,4,0
21,0,34.61,2,8,0,1,3
34,0,120.0,2,8,0,3,3
2,0,12.08,2,8,0,1,3
34,0,23.24,2,8,0,1,3
24,0,122.56,2,8,0,4,3
30,0,48.93,1,8,0,3,3
29,0,0.0,2,8,0,1,3
35,0,81.62,2,8,0,2,3
24,0,0.0,2,8,0,1,3
2,0,47.3,2,8,0,1,3
1,0,0.0,2,8,0,2,3
19,0,25.0,2,8,0,1,3
3,0,212.0,1,8,0,5,3
23,0,273.89,2,8,0,20,3
2,0,23.79,2,8,0,1,3
26,0,147.61,2,8,0,5,3
15,1,56.05,1,24,1,2,4
9,1,16.0,1,18,1,4,0
35,0,8.47,2,8,0,1,3
20,0,6.53,2,7,0,1,3
19,0,28.4,2,8,0,1,3
29,0,0.0,2,8,0,2,3
23,0,211.0,0,8,0,5,3
27,0,445.22,2,8,0,15,3
3,0,154.0,1,8,0,4,3
28,0,245.61,2,8,0,14,3
26,0,196.0,0,8,0,5,3
34,0,232.02,2,8,0,6,3
21,0,235.0,2,8,0,7,3
43,0,65.71,2,8,0,4,3
24,0,177.0,2,8,0,5,3
10,1,357.84,2,13,1,7,0
12,1,39.02,1,24,1,6,4
35,0,35.62,0,8,0,1,3
3,0,14.7,2,8,0,2,3
19,0,0.0,2,8,0,1,3
2,0,8.68,2,8,0,1,3
21,0,21.0,2,8,0,1,3
0,0,11.79,2,10,0,1,0
12,1,46.33,2,24,1,6,4
16,1,56.05,1,23,1,2,4
39,5,0.0,2,29,5,2,3
9,1,137.33,1,18,1,17,0
12,1,78.01,1,24,1,6,4
12,1,19.58,2,24,1,4,4
41,5,12.0,0,29,5,3,3
15,1,6.0,2,20,1,2,4
0,0,9.16,2,10,0,1,0
23,0,18.0,0,8,0,1,3
27,0,0.0,2,8,0,2,3
26,0,0.0,2,8,0,1,3
18,0,0.0,1,8,0,3,3
35,0,6.59,2,8,0,1,3
16,1,26.12,2,23,1,4,4
12,1,24.69,1,24,1,5,4
24,0,22.0,1,8,0,1,3
20,0,10.42,2,0,0,1,0
23,0,7.98,2,8,0,1,3
19,0,7.2,2,8,0,1,3
35,0,51.17,2,8,0,2,3
26,0,78.9,1,8,0,3,3
24,0,16.36,2,8,0,1,3
3,0,21.85,2,8,0,1,3
25,0,33.14,1,0,0,3,0
34,0,232.02,2,8,0,6,3
26,0,50.0,1,8,0,1,3
0,0,56.09,1,8,0,4,3
7,1,55.13,1,18,1,10,0
35,0,85.0,2,8,0,2,3
24,0,0.0,2,8,0,1,3
0,0,2.11,2,8,0,1,3
3,0,34.24,2,8,0,1,3
29,0,5.96,2,8,0,1,3
27,0,184.0,2,8,0,7,3
19,0,30.0,2,8,0,1,3
40,5,61.0,1,29,5,5,3
34,0,71.83,1,8,0,1,3
29,0,0.0,2,8,0,1,3
21,0,113.5,2,8,0,3,3
18,0,28.14,1,8,0,2,3
23,0,1.65,0,8,0,2,3
24,0,62.7,2,8,0,3,3
21,0,3.0,2,8,0,1,3
12,1,161.0,2,24,1,4,4
27,0,11.04,2,8,0,1,3
43,0,44.17,2,7,0,2,3
19,0,24.55,2,8,0,1,3
26,0,200.0,1,8,0,5,3
35,0,228.48,2,7,0,6,3
43,0,27.72,2,8,0,1,3
35,0,188.3,2,8,0,6,3
16,1,62.0,2,23,1,2,4
26,0,285.92,2,8,0,5,3
21,0,41.38,2,8,0,8,3
18,0,0.0,1,8,0,3,3
34,0,263.0,2,8,0,7,3
22,3,38.64,2,25,3,9,1
42,5,43.0,1,29,5,5,3
35,0,21.0,2,8,0,1,3
12,1,126.59,1,24,1,14,4
35,0,8.18,2,8,0,1,3
12,1,130.0,1,24,1,14,4
29,0,204.45,2,8,0,5,3
43,0,146.55,2,8,0,5,3
0,0,40.53,2,10,0,2,0
24,0,80.0,2,8,0,3,3
17,2,2.1,2,26,2,12,1
35,0,16.64,2,7,0,1,3
21,0,104.7,2,8,0,2,3
7,1,91.08,1,18,1,16,0
21,0,7.48,2,8,0,1,3
38,5,10.0,0,29,5,1,3
23,0,0.0,2,8,0,18,3
26,0,285.92,2,8,0,5,3
34,0,2.83,2,8,0,1,3
2,0,85.31,1,8,0,3,3
19,0,5.2,2,8,0,1,3
29,0,0.0,2,8,0,1,3
28,0,111.84,2,8,0,3,3
19,0,2.66,2,8,0,1,3
29,0,4.73,2,8,0,1,3
21,0,21.96,2,8,0,1,3
21,0,3.38,2,8,0,1,3
35,0,173.13,2,8,0,4,3
1,0,0.0,2,8,0,26,3
19,0,22.5,2,8,0,1,3
28,0,56.91,2,8,0,2,3
20,0,0.0,2,8,0,1,3
29,0,35.45,2,8,0,2,3
35,0,8.43,2,8,0,1,3
0,0,46.49,2,10,0,2,0
15,1,57.6,2,20,1,2,4
2,0,405.67,2,8,0,14,3
28,0,0.0,2,8,0,3,3
35,0,0.0,2,8,0,8,3
29,0,9.55,2,8,0,1,3
43,0,320.18,2,8,0,12,3
34,0,111.93,2,8,0,4,3
23,0,242.72,2,8,0,7,3
3,0,532.58,2,8,0,11,3
7,1,96.0,2,18,1,18,0
12,1,61.8,2,24,1,2,4
26,0,285.92,2,8,0,5,3
24,0,153.98,2,8,0,6,3
1,0,104.39,2,8,0,3,3
19,0,166.46,2,8,0,5,3
2,0,50.89,2,8,0,1,3
31,0,183.15,2,8,0,9,3
39,5,0.0,0,29,5,23,3
19,0,77.0,2,8,0,2,3
35,0,6.66,2,8,0,1,3
35,0,76.73,2,8,0,3,3
0,0,9.97,2,10,0,1,0
18,0,0.0,1,8,0,5,3
8,1,7.37,2,13,1,9,0
23,0,10.94,2,8,0,1,3
20,0,9.77,0,0,0,1,0
34,0,15.77,2,8,0,1,3
29,0,16.79,2,8,0,1,3
24,0,0.0,2,8,0,2,3
3,0,15.13,0,8,0,1,3
1,0,10.0,2,8,0,1,3
27,0,114.0,1,8,0,4,3
34,0,123.0,1,8,0,4,3
22,3,2.16,2,25,3,1,1
16,1,0.51,2,23,1,1,4
30,0,2.2,2,8,0,1,3
19,0,265.75,2,8,0,4,3
35,0,0.0,2,8,0,4,3
43,0,0.0,2,8,0,10,3
35,0,22.17,2,8,0,1,3
43,0,170.81,2,8,0,4,3
28,0,60.1,2,8,0,2,3
29,0,188.82,2,8,0,4,3
23,0,268.36,2,8,0,1,3
26,0,322.04,2,8,0,5,3
20,0,76.66,2,8,0,4,3
27,0,217.59,2,8,0,5,3
34,0,0.0,2,8,0,10,3
21,0,534.0,2,8,0,1,3
27,0,111.47,2,8,0,3,3
26,0,306.45,2,8,0,6,3
29,0,33.0,2,7,0,2,3
23,0,75.0,1,8,0,2,3
0,0,13.99,2,10,0,1,0
35,0,0.0,2,8,0,17,3
2,0,232.71,2,8,0,8,3
20,0,236.46,2,0,0,6,0
43,0,344.72,2,8,0,8,3
39,5,17.0,2,29,5,2,3
18,0,57.04,2,8,0,2,3
32,4,47.542,2,28,4,38,0
10,1,58.0,1,12,1,18,0
33,4,26.936,2,28,4,11,0
21,0,0.0,2,8,0,1,3
26,0,20.23,2,8,0,1,3
34,0,0.0,2,8,0,1,3
27,0,31.92,2,8,0,1,3
26,0,0.0,2,8,0,1,3
29,0,74.62,2,8,0,2,3
12,1,45.56,2,24,1,7,4
24,0,0.0,2,8,0,4,3
19,0,32.68,2,8,0,1,3
23,0,166.59,2,8,0,5,3
27,0,72.43,2,8,0,2,3
13,1,185.6,2,16,1,4,0
35,0,6.68,2,8,0,1,3
27,0,18.66,1,8,0,1,3
0,0,25.74,2,10,0,2,0
3,0,71.5,2,8,0,2,3
23,0,7.77,2,8,0,1,3
27,0,0.0,2,8,0,1,3
18,0,0.0,2,4,0,2,0
21,0,81.0,2,8,0,2,3
35,0,282.13,2,8,0,8,3
43,0,85.0,2,8,0,2,3
12,1,10.37,2,24,1,1,4
21,0,17.0,2,8,0,1,3
26,0,215.25,2,8,0,6,3
6,1,4.83,2,18,1,2,0
34,0,188.0,1,8,0,6,3
35,0,48.0,2,8,0,2,3
24,0,67.0,2,8,0,4,3
29,0,122.0,2,8,0,4,3
28,0,360.0,2,8,0,7,3
0,0,12.11,2,10,0,1,0
19,0,151.55,2,8,0,6,3
20,0,216.89,2,8,0,7,3
35,0,3.17,2,8,0,1,3
29,0,13.6,2,8,0,1,3
21,0,0.0,2,8,0,1,3
29,0,9.43,1,8,0,1,3
24,0,0.0,2,8,0,1,3
23,0,98.8,2,8,0,2,3
2,0,24.0,2,8,0,1,3
21,0,81.0,2,8,0,2,3
31,0,47.16,2,8,0,2,3
19,0,16.99,0,8,0,1,3
26,0,285.92,2,8,0,5,3
21,0,20.39,2,8,0,1,3
14,1,176.15,2,24,1,12,4
24,0,23.12,2,8,0,1,3
10,1,39.0,2,12,1,5,0
16,1,15.89,1,23,1,1,4
35,0,193.29,2,8,0,5,3
19,0,41.0,1,8,0,2,3
0,0,22.65,2,10,0,1,0
20,0,237.0,2,0,0,6,0
18,0,0.0,2,8,0,3,3
25,0,70.81,2,0,0,3,0
27,0,27.1,2,8,0,1,3
15,1,0.62,2,21,1,1,4
23,0,14.03,2,8,0,1,3
13,1,53.6,2,16,1,3,0
3,0,5.11,2,8,0,1,3
26,0,156.0,2,8,0,3,3
27,0,192.5,2,8,0,4,3
3,0,0.0,2,8,0,1,3
28,0,33.0,2,8,0,1,3
34,0,0.0,2,8,0,10,3
0,0,39.62,2,8,0,2,3
3,0,4.92,2,8,0,1,3
2,0,247.69,2,8,0,6,3
26,0,4.35,2,8,0,1,3
29,0,4.0,2,8,0,1,3
3,0,4.71,2,8,0,1,3
31,0,95.87,2,8,0,4,3
35,0,85.55,2,8,0,4,3
28,0,12.0,2,8,0,1,3
0,0,46.42,2,10,0,2,0
23,0,6.4,2,8,0,1,3
29,0,1.0,2,8,0,1,3
21,0,10.51,2,8,0,1,3
3,0,5.69,2,8,0,1,3
34,0,0.0,2,8,0,2,3
43,0,306.17,2,8,0,9,3
20,0,0.0,1,0,0,2,0
27,0,626.53,2,8,0,17,3
23,0,0.0,1,8,0,1,3
3,0,10.92,2,8,0,1,3
21,0,145.61,2,8,0,4,3
18,0,120.0,2,8,0,3,3
24,0,132.67,1,8,0,14,3
35,0,94.0,2,8,0,4,3
14,1,24.58,2,24,1,6,4
15,1,10.4,2,21,1,2,4
26,0,185.36,2,8,0,8,3
13,1,54.38,2,16,1,4,0
29,0,208.16,2,8,0,8,3
0,0,5.84,1,8,0,1,3
24,0,26.48,2,8,0,1,3
24,0,18.76,2,8,0,1,3
18,0,39.0,2,8,0,2,3
19,0,34.52,2,8,0,1,3
21,0,21.95,2,8,0,1,3
35,0,81.59,2,8,0,2,3
29,0,33.0,2,8,0,3,3
7,1,64.0,2,18,1,17,0
23,0,61.53,2,8,0,2,3
18,0,40.25,2,4,0,2,0
32,4,18.616,2,28,4,17,0
24,0,131.16,2,8,0,2,3
23,0,39.09,2,8,0,1,3
0,0,94.54,2,10,0,4,0
2,0,105.79,2,8,0,4,3
25,0,0.0,2,8,0,2,3
43,0,164.83,1,8,0,4,3
3,0,154.0,2,8,0,3,3
35,0,83.0,2,8,0,4,3
26,0,66.37,2,8,0,2,3
1,0,124.31,2,8,0,3,3
23,0,25.36,2,8,0,1,3
28,0,245.07,2,8,0,6,3
0,0,66.49,2,8,0,2,3
0,0,12.0,2,8,0,1,3
26,0,69.69,2,8,0,2,3
28,0,44.25,2,8,0,1,3
23,0,52.21,2,8,0,2,3
21,0,175.56,2,8,0,4,3
25,0,9.14,2,8,0,1,3
10,1,43.0,2,12,1,5,0
29,0,150.0,1,8,0,6,3
2,0,300.0,2,8,0,4,3
29,0,0.87,2,8,0,1,3
43,0,90.73,2,8,0,5,3
27,0,621.0,2,8,0,17,3
25,0,31.87,2,1,0,1,0
3,0,117.73,2,8,0,12,3
29,0,177.08,2,8,0,7,3
26,0,139.42,2,8,0,4,3
24,0,0.0,2,8,0,6,3
1,0,122.86,2,8,0,4,3
28,0,64.0,2,8,0,5,3
3,0,2.87,2,8,0,1,3
34,0,366.71,2,8,0,27,3
43,0,48.68,2,8,0,3,3
3,0,4.35,2,8,0,1,3
14,1,18.5,2,24,1,5,4
12,1,127.82,2,24,1,8,4
17,2,210.0,2,26,2,14,1
17,2,600.0,2,26,2,48,1
35,0,0.0,2,8,0,19,3
34,0,43.97,2,8,0,2,3
18,0,7.77,0,8,0,1,3
34,0,4.24,2,8,0,1,3
24,0,57.44,2,8,0,1,3
30,0,37.0,0,3,0,2,0
1,0,30.55,2,8,0,1,3
24,0,0.0,2,8,0,23,3
43,0,57.82,2,8,0,3,3
2,0,0.0,2,8,0,1,3
35,0,59.0,2,8,0,2,3
43,0,11.98,2,8,0,1,3
23,0,15.0,1,8,0,1,3
29,0,47.0,2,8,0,1,3
12,1,99.0,2,24,1,3,4
24,0,0.0,2,8,0,1,3
18,0,78.0,0,4,0,4,0
35,0,89.24,2,8,0,2,3
34,0,42.31,2,8,0,1,3
21,0,79.17,2,8,0,4,3
27,0,117.96,2,8,0,10,3
2,0,14.0,2,8,0,1,3
19,0,223.24,2,8,0,25,3
28,0,230.02,2,8,0,6,3
43,0,232.62,2,8,0,6,3
23,0,7.83,2,8,0,1,3
35,0,55.51,2,8,0,3,3
34,0,0.0,2,8,0,1,3
9,1,33.0,1,14,1,15,4
34,0,0.78,2,8,0,1,3
27,0,558.5,2,8,0,11,3
0,0,108.66,2,10,0,3,0
5,1,9.5,1,11,1,1,4
24,0,0.0,2,8,0,20,3
21,0,81.01,2,8,0,2,3
35,0,884.96,2,8,0,21,3
15,1,6.0,1,21,1,1,4
21,0,14.46,2,8,0,1,3
12,1,1.3,2,24,1,1,4
26,0,347.64,2,8,0,15,3
35,0,267.0,1,8,0,9,3
24,0,47.22,1,8,0,2,3
31,0,57.84,2,9,0,3,3
29,0,37.31,2,8,0,2,3
23,0,11.5,2,8,0,1,3
26,0,11.72,2,8,0,1,3
35,0,42.0,1,8,0,2,3
26,0,10.95,2,8,0,1,3
35,0,10.9,2,8,0,1,3
21,0,10.72,2,8,0,1,3
20,0,35.31,1,0,0,2,0
9,1,31.32,2,24,1,6,4
34,0,0.0,2,8,0,1,3
24,0,33.5,1,8,0,1,3
35,0,13.85,2,8,0,1,3
25,0,14.3,2,1,0,1,0
0,0,0.0,1,0,0,1,0
27,0,120.15,1,8,0,4,3
24,0,0.0,1,8,0,6,3
29,0,151.0,1,8,0,6,3
31,0,35.08,2,9,0,1,3
35,0,24.6,2,8,0,1,3
21,0,26.45,2,8,0,1,3
25,0,57.67,2,1,0,3,0
21,0,86.0,2,8,0,2,3
34,0,0.0,2,8,0,1,3
9,1,150.0,1,18,1,12,0
25,0,28.99,2,1,0,1,0
32,4,47.511,2,28,4,47,0
18,0,0.0,2,8,0,2,3
23,0,282.1,0,8,0,10,3
35,0,63.0,0,8,0,2,3
43,0,0.0,2,8,0,1,3
24,0,0.0,1,8,0,7,3
20,0,131.0,2,2,0,5,0
9,1,4.06,2,18,1,2,0
26,0,244.55,2,8,0,7,3
20,0,206.0,2,2,0,7,0
34,0,21.51,2,8,0,1,3
9,1,13.18,0,18,1,5,0
34,0,0.0,2,8,0,2,3
21,0,95.0,0,8,0,3,3
32,4,0.0,2,28,4,10,0
33,4,22.5,2,27,4,48,0
29,0,43.88,2,8,0,1,3
19,0,475.38,2,8,0,17,3
23,0,142.16,2,8,0,3,3
43,0,104.16,2,8,0,2,3
18,0,48.0,1,8,0,3,3
28,0,0.0,0,8,0,3,3
26,0,103.0,2,8,0,3,3
23,0,28.01,2,8,0,1,3
28,0,5.0,2,8,0,1,3
43,0,53.61,2,8,0,2,3
31,0,59.21,2,9,0,3,3
1,0,0.0,2,8,0,4,3
24,0,220.98,2,8,0,4,3
18,0,0.0,2,8,0,2,3
35,0,57.24,0,8,0,3,3
29,0,36.47,2,8,0,2,3
26,0,42.36,2,8,0,2,3
12,1,16.87,2,24,1,1,4
10,1,40.0,2,12,1,4,0
25,0,204.55,2,0,0,7,0
0,0,134.0,2,10,0,5,0
27,0,110.23,2,8,0,2,3
34,0,169.11,1,8,0,5,3
24,0,314.56,2,8,0,8,3
18,0,43.77,2,6,0,2,0
43,0,61.98,2,8,0,2,3
31,0,29.47,2,9,0,1,3
19,0,184.55,2,8,0,6,3
28,0,119.21,2,8,0,5,3
27,0,6.67,2,8,0,1,3
